Gene, loci	Gene comment	Class	Is in the targeted sheet?	GC content (%)	Distance to the closest probe (bp)	Mean overlaping read coverage among all COH samples	VNTR ID (Short VNTR DB hg38)	VNTR ID (Long VNTR DB hg38)	VNTR ID (TRF, hg38) - at /nucleus/projects/saraj/vntr/sources/COH_analysis/databases/combined_trf_hg38/hg38_VNTRs_by_TRF.db	VNTR id comments	Genomic Location (hg38)	Motif	Motif length	Total Length	Median read length among overlaping reads (bp)	Reference motif count	The range of repeat counts (in papers)	Coding or non-coding exon	Location	Associated variants (more fine grained)	Associated variant category (major length variation is >=10 RC different in the RC allele range reported)	Pathogenic	Associated alleles allele class	Effect size	Number of individuals with phenotype available in All of Us	Disease/Phenotype	Comments regarding genotyping	Source	Year (have to check again)	UCSC genome browser link	
ACAN		Sufficient coverage	Yes	55	0	44.29	-	290964	290964		chr15:88855424-88857434	CTGCCCCTGGAGTAGAGGACATCAGCGGGCTTCCTTCTGGAGAAGTTCTAGAGACTG	57	2010	4410.5	35	6-44	Coding	Exon	Repeat expansion	Major length variation (6-44)	non-pathogenic	size change	P=1.7 x 10−234, BOLT-LMM	204,520	Height, Lumber disc herniation	Strong association was found with the VNTR allele and height. Though the height difference was 3.2 cms	Science (ACAN), Doruk, LDH	2021		
PER3		Sufficient coverage	Yes	53	0	104.43	-	4237	4237		chr1:7829873-7830144	CTGTCCACGGGATCGCCTCCCAGGAAGAATCCATCCCATCCTACTGCCAGCGCT	54	271	3960	5	4-5	Coding	Exon 19	Repeat expansion	Minor length variation (4-5)	Pathogenic	5 RC lower age of onset	4/4 35.23 ± 11.43; 4/5 31.17 ± 10.56; 5/5 26.61 ± 10.49 (F = 3.911; d.f. 2.93; p = 0.0234)	16,200	Age of onset for bipolar disorder	4 or 5 RCs were observed	Number of repeats influences age at onset of bipolar disorder, PERIOD3 (PER3) VNTR Variant Associated with Seasonal Pattern and Family History in Bipolar Disorder	2008		
PRDM9		Sufficient coverage	Yes	56	0	304.43	-	674126	674126		chr5:23526711-23527801	CACCAGAGGACACACACAGGGGAGAAGCCCTATGTCTGCAGGGAGTGTGGGCGGGGCTTTAGCTAGAAGTCACACCTCCTCACT	84	1090	4338	13	Deletion and insertion of 83-420bp	Coding	Exon 11	Insertion	Minor length variation (~1-5)	non-pathogenic	size change	https://www.nature.com/articles/s41588-021-00865-4/tables/2	?	recombination hotspot		Doruk's paper	2021		
MUC7		Sufficient coverage	Yes	55	0	241.29	-	628764	628764		chr4:70481218-70481665	TTCCTCAGCTCCACCAGAGACCACAGCTGCCCCACCCACACCTTCTGCAACTACACCAGCTCCACCATC	69	449	4426	6.5	5,6,8	Coding	Exon 3	Specific alleles	specific allele sequence	Pathogenic	protective alleles: 6*5 + 5*5	https://www.nature.com/articles/s41598-022-21631-4	50,160	bronchial asthma	P value of significance 0.001	Sadd et al., 2022, kirkbride (2001)	2022	http://genome.ucsc.edu/cgi-bin/hgTracks?db=hg38&lastVirtModeType=default&lastVirtModeExtraState=&virtModeType=default&virtMode=0&nonVirtPosition=&position=chr4%3A70471244%2D70482911&hgsid=1500553803_8JWkW8KUJfazaU1vqbQO6RmdzOqe	
WDR7		Modify probes - high distance to probe, moderate GC	No	38	47537	0.43	-	-	376172		chr18:57024495-57024955 (TRF)	GTTATGTCCCTTATAGAATTTCACATATCCCTATTCTCAGACAGGAATAGGGATATGTGAGCTATGATA	69	461	2784	6.7	1-86	-	Intron	Repeat expansion	Major length variation (1-86)	Pathogenic	repeat expansion	p = 0.0003	180	amyotrophic lateral sclerosis (ALS)	Wide range of observed RCs	Course et al. 2020	2020	https://pubmed.ncbi.nlm.nih.gov/32750315/	
PLIN4		Modify probes - high distance to probe, moderate GC	No	59	9197	0	-	-	983809		chr19:4510879-4513487	TTGGTACCGGTTAGGACAGTCTTGGTGGTGTCCACGCCGGTCTGGACGGTCCCTTTGGCCACATTCACTGCACCGGTGACCCCACTGGAGACGGTGTCC	99	2608	-	26.3	31-40	Coding	Exon 3	Repeat expansion	Minor length variation (31-40)	Pathogenic	repeat expansion	?	?	skeletal muscle disease		Ruggieri et al. 2020	2020		
IL1RN		Modify probes - high distance to probe, moderate GC	No	50	29652	0.71	-	-	450626		chr2:113130529-113130872	ATCCTGGGGAAAGTGAGGGAAATATGGACATCACATGGAACAACATCCAGGAGACTCAGGCCTCTAGGAGTAACTGGGTAGTGTGC	86	344	5138	4	2-6	-	Intron 2	Repeat contraction	Minor length variation (2-6)	Pathogenic	short allele (2 repeats) in strong LD with another SNP and is associated with higher risk	OR=2.80 (95% CI, 1.29 to 6.11; P=0.03	35,020 (CAD), 100 (ischemic stroke)	Stroke, Atherosclerosis and Coronary Artery Disease (CAD)		IL1RN VNTR Polymorphism in Ischemic Stroke: https://www.ncbi.nlm.nih.gov/pmc/articles/PMC2629799/	2003		
TMCO1		Modify probes - high distance to probe, moderate GC	No	22	34872	0.43	-	-	49244		chr1:165761973-165762288	AACATTTTTATTAAAATGTTATAAGGAT	28	300	3117	11.3	1-10 in ukb	-	Intron 2	Repeat expansion	Major length variation (1-10)	Pathogenic	repeat expansion	P=1.3 x 10-76	19,860	Glaucoma	Right after a SINE element. region in the paper: chr1:165530763-166030763 (hg38) - original: Chr1:165.5mbp-166mbp (hg19) 	Mukamel et al. 2022 (Po-Ru Loh)	2022	http://genome.ucsc.edu/cgi-bin/hgTracks?db=hg38&lastVirtModeType=default&lastVirtModeExtraState=&virtModeType=default&virtMode=0&nonVirtPosition=&position=chr1%3A165761949%2D165762320&hgsid=1498094413_qW1r8kEmQvBeETXA7R9Pb78vAad6	
CUL4A		Modify probes - high distance to probe, moderate GC	No	58	21377	0	-	-	239917	(239918 has longer motif, same coordinates)	chr13:113231980-113232318 (among other VNTRs)	CCACCACTACCCGCCCACCACATTACTGCTG	29-32	339	-	11	3-100	-	Intron 5	Repeat expansion	Major length variation (3-100)	non-pathogenic	repeat expansion	P < 10-50	73,720 samples with hemoglobin low	Decreased mean corpuscular hemoglobin among other blood traits	Full of repetitive elements - is it a telomere region?	Mukamel et al. 2022 (Po-Ru Loh)	2022	http://genome.ucsc.edu/cgi-bin/hgTracks?db=hg38&lastVirtModeType=default&lastVirtModeExtraState=&virtModeType=default&virtMode=0&nonVirtPosition=&position=chr13%3A113193736%2D113293735&hgsid=1498094413_qW1r8kEmQvBeETXA7R9Pb78vAad6	
IL4		Modify probes - high distance to probe, moderate GC	No	49	139500	1	-	-	705182		chr5:132680584-132680794	GAAGCAAGATGGCCTGTTGGGAGGCTACCACAGTAAACCAGGCTAGAGATGATGGTGGCGTGGACAGAAT	70	210	4594	3	2,3,4	-	Intron 3	Repeat expansion	Minor length variation (2-4)	Pathogenic	rc=4 (expansion)	P = 0.004	8,660	Severe join distruction in rheumatoid arthritis, polyarthritis		Buchs 2000	2000	http://genome.ucsc.edu/cgi-bin/hgTracks?db=hg38&lastVirtModeType=default&lastVirtModeExtraState=&virtModeType=default&virtMode=0&nonVirtPosition=&position=chr5%3A132673989%2D132682678&hgsid=1498994843_I7g2wR3fX2VjLceiFO8XvcUpX8gq	
SLC6A4	 also 5HTT/SERT	Modify probes - high distance to probe, moderate GC	No	60	165652	0	-	-	339765	(also 339766 and 339767 with different motifs and boundaries)	chr17:30221385-30221590	ACAGCCCACCCGGGTC	16-17	205	-	12.4	3-12	-	Intron 2 of SLC6A4 - or Intron 3 in Pritchard et al paper	Repeat expansion	Major length variation (3-12)	Pathogenic	RC=10 is risk allele (expansion)	P = 0.04	10,640	Psychosis (psychiatric disorders including depression, OCD, anxiety, schizophrenia, BPSD, Alzheimer's Disease)		Behavioural Genetics of the Serotonin Transporter, https://www.karger.com/Article/Abstract/107081           Also https://www.ncbi.nlm.nih.gov/pmc/articles/PMC8442947/	2007	http://genome.ucsc.edu/cgi-bin/hgTracks?db=hg38&lastVirtModeType=default&lastVirtModeExtraState=&virtModeType=default&virtMode=0&nonVirtPosition=&position=chr17%3A30214278%2D30228172&hgsid=1499079573_XaanARtALlEFFJ3AK9aPZaKK5VFV	
MUC6	(near AP2A2)	Modify probes - high distance to probe, moderate GC	No	56	72295	0	-	-	983810		chr11:1016562-1017633	GTGCTAAATGAGCTTGGGGATTGGCTGGTCCCACTGGTGGTCACTGTCATTGGTGGGGCTGTGTGGGTGGACCCTGTGGCCTTGAGCGTGGTCGGTGGAGGAACGGTGCCTGTTGGCATTGAGTGGATGGAGGCAGAAGTGGCCATCTGTGTGTGGGTAGGGATGATGACCGTGTGAGTACTTGGAGTCACCAAGGAGGTGGAGAAAGATGGAACGTGAGTGGGAAGTGTGGTCTGAGGGTGTGATGGGGTTGGATAGGTAGTGGTGGTCTGGAAGGATGTTGCAGTCACAGGACCTGTGGAAGAGAAGGGACTGCTCCCTGTAGGTGGGGAGTGTGTGGTGAAGGGTGTGGGTAGCCTGCTGCTGCTGGCCGACGTGGTGTGGGCCACAGGGGTTCTGGTGCCTGTACTGGTGTGGTTGGGGGTGATGCTGGTGGTAGAAGTTGAGGTGACTTCAGGATGGTGTGTGGAGGAAGTGTGTGAAGGTAGGGATGTAGAAGTTTTGGCC	507	1072	-	2.1	15 - 26	Coding	Exon 31	Repeat expansion	Major length variation (15-26)	Pathogenic	repeat expansion			Alzhemier, late onset Alzheimer's disease (LOAD) and gene expression	Highly variable, very long. Used amplicon size for measurements	https://academic.oup.com/jnen/article/79/1/3/5631811	2020		
MUC6	(near AP2A2)	Modify probes - high distance to probe, moderate GC	No	56	72295	0	-	-	983810		chr11:1016562-1017633	GTGCTAAATGAGCTTGGGGATTGGCTGGTCCCACTGGTGGTCACTGTCATTGGTGGGGCTGTGTGGGTGGACCCTGTGGCCTTGAGCGTGGTCGGTGGAGGAACGGTGCCTGTTGGCATTGAGTGGATGGAGGCAGAAGTGGCCATCTGTGTGTGGGTAGGGATGATGACCGTGTGAGTACTTGGAGTCACCAAGGAGGTGGAGAAAGATGGAACGTGAGTGGGAAGTGTGGTCTGAGGGTGTGATGGGGTTGGATAGGTAGTGGTGGTCTGGAAGGATGTTGCAGTCACAGGACCTGTGGAAGAGAAGGGACTGCTCCCTGTAGGTGGGGAGTGTGTGGTGAAGGGTGTGGGTAGCCTGCTGCTGCTGGCCGACGTGGTGTGGGCCACAGGGGTTCTGGTGCCTGTACTGGTGTGGTTGGGGGTGATGCTGGTGGTAGAAGTTGAGGTGACTTCAGGATGGTGTGTGGAGGAAGTGTGTGAAGGTAGGGATGTAGAAGTTTTGGCC	507	1072	-	2.1	15 - 26	Coding	Exon 31	Repeat expansion	Major length variation (15-26)	non-pathogenic	repeat expansion	p=0.031		Altered pTau pathoglogy and AP2A2 gene expression (nearby)					
CACNA1C		Modify probes - high distance to probe, moderate GC	No	43	33294	0.14	-	-	165038		chr12:2255791-2256090	GACCCTGACCTGACTAGTTTACAATCACAC	30	300	4826	10	100s: https://pubmed.ncbi.nlm.nih.gov/30100087/	-	Intron 3	Specific alleles	specific allele sequence	Pathogenic	Specific alleles	P < 10-16		Bipolar disorder and schizophrenia		Song et al. 2018	2018	https://genome.ucsc.edu/cgi-bin/hgc?hgsid=1488368979_lIaKSiaeD4kD5eEh9dQ4fuAbiWx9&db=hg38&c=chr12&l=2255790&r=2256090&o=2255790&t=2256090&g=simpleRepeat&i=trf	
FXN		Modify probes - high distance to probe, moderate GC	No	47	130147	0	-	-	983811	(among others with different motifs)	chr9:69087917-69087957	TCCTTC	6	44	-	7.3		Non-coding	Intron 1	Repeat expansion	Major length variation (2-650)	Pathogenic	66-1300 GAA repeats are pathogenic. This is 33-650 repeats for the perfectly overlapping VNTR. 5-33 GAA repeats are normal			Friedreich ataxia (FA)	Perfectly overlapping with a GAA STR	Lu and Chaisson, bioRxiv, 2022 and https://www.ncbi.nlm.nih.gov/books/NBK1281/	2022	http://genome.ucsc.edu/cgi-bin/hgTracks?db=hg38&lastVirtModeType=default&lastVirtModeExtraState=&virtModeType=default&virtMode=0&nonVirtPosition=&position=chr9%3A69087917%2D69087957&hgsid=1500553803_8JWkW8KUJfazaU1vqbQO6RmdzOqe	
NLRP3		Modify probes - high distance to probe, moderate GC	No	52	93157	0.57	-	-	75781		chr1:247433579-247434081	TATTCCGGAGCTCTCTGGTCAGGTGTGTCCTGATGCTTTCTC	42	504	4120.5	12	12-14	-	Intron 4	length polymorphism	Minor length variation	Pathogenic				Gastric Cancer		Kosravi et al., 2022	2022		
EIF3H		Modify probes - high distance to probe, moderate GC	No	38	148598	0.57	-	-	983812	(among others nearby)	chr8:116622815-116622935 (among other VNTRs)	AGAAGTTTATAAATCCTTATAAACTGC	27	572	3433.5	4.6	2-6	-	20kb downstream	Repeat expansion	Minor length variation (2-6)	Pathogenic	Longer repeat (RC=6) is risk allele	P= 1.3 x 10-24 and P=9.3 x 10-34	3,220 For CC and 18,920 for CP	Colorectal cancer and colon pylops	in LTR region, Full of variations and overlapping TRs	Mukamel et al. 2022 (Po-Ru Loh)	2022	http://genome.ucsc.edu/cgi-bin/hgTracks?db=hg38&lastVirtModeType=default&lastVirtModeExtraState=&virtModeType=default&virtMode=0&nonVirtPosition=&position=chr8%3A116622815%2D116622935&hgsid=1542930097_SHjqPlWgWfGe9TaQZOOJ4yIKYFnc	Coordinate based on approximate location on the figure of the paper , lifting the genome coordinate and finding a VNTR with similar motif length
EIF3H		Modify probes - high distance to probe, moderate GC	No	40	160317	0	-	-	983813	(among others nearby)	chr8:116611155-116611216  (among other VNTRs)	GTTCTTGCTAAACTGATTTAGCAGA	25	63	-	2.5	2-6	-	20kb downstream	Repeat expansion	Minor length variation (2-6)	Pathogenic	Longer repeat (RC=6) is risk allele	P= 1.3 x 10-24 and P=9.3 x 10-34	3,220 For CC and 18,920 for CP	Colorectal cancer and colon pylops	in LTR region, Full of variations and overlapping TRs	Mukamel et al. 2022 (Po-Ru Loh)	2022	http://genome.ucsc.edu/cgi-bin/hgTracks?db=hg38&lastVirtModeType=default&lastVirtModeExtraState=&virtModeType=default&virtMode=0&nonVirtPosition=&position=chr8%3A116611155%2D116611216&hgsid=1542902239_V9g6Uwg2spfC0W87taJTmKC5jhmy	Coordinate based on approximate location on the figure of the paper , lifting the genome coordinate and finding a VNTR with similar motif length
NOS3	AKA ecNOS	Difficult (borderline GC?) - no overlapping reads, moderate GC, low distance to probe	Yes	61	202	0	826396	-	826396		chr7:150997169-150997304	GAAGTCTAGACCTGCTGCAGGGGTGAG	27	135	-	5		-	Intron 4	Specific alleles	specific allele sequence	Pathogenic	RC=5 (specific allele w nearby SNPs)	p=0.0034		Renal Failure		https://academic.oup.com/ndt/article/15/11/1794/1918529, https://www.ncbi.nlm.nih.gov/pmc/articles/PMC9269174/	2000		
NOS3		Difficult (borderline GC?) - no overlapping reads, moderate GC, low distance to probe	Yes	62	200	0	826396	-	826396		chr7:150997170-150997306 (among other VNTRs)	GAAGTCTAGACCTGCTGCAGGGGTGAG	27	138	-	5.1		-	Intron 4	Specific alleles	specific allele sequence	non-pathogenic	specific allele w nearby SNPs			gene expression		Ulivi et al., 2015	2015	http://genome.ucsc.edu/cgi-bin/hgTracks?db=hg38&lastVirtModeType=default&lastVirtModeExtraState=&virtModeType=default&virtMode=0&nonVirtPosition=&position=chr7%3A150993322%2D150998748&hgsid=1500632921_eZJyJDuCWUhpLyFVM6ZIEe1EOtCD	
GP1BA		Difficult (borderline GC?) - no overlapping reads, moderate GC, low distance to probe	Yes	62	0	0.71	-	331665	331665		chr17:4933810-4934011	GAGCCCGCCCCCAGCCCGACCACCCCAGAGCCCACCTCA	39	201	3584	5		Coding	Exon 2	Repeat expansion	Minor length variation	Pathogenic	B allele (RC=3) is pathogenic	p=0.04		ischemic stroke - Aspirin Treatment Failure (ATF) in Stroke - previously reported: coronary thrombosis, fatal myocardial infarction (MI), and sudden cardiac death in early middle age	D (single copy), C (2 copies), B (3 copies), and A (4 copies). source for alleles: https://www.ahajournals.org/doi/full/10.1161/01.ATV.18.7.1124	https://journals.sagepub.com/doi/full/10.1177/1747493016672085 and https://www.ahajournals.org/doi/full/10.1161/01.ATV.18.7.1124			
HCG22	G2(GENSCAN predicted gene, near MUC21 gene, overlaps with HCG22 gene)	Difficult - no overlapping reads, moderate GC, low distance to probe	Yes	59	30	0.29	-	731278	731278	(different motif rotation) and start position	chr6:31056326-31056747	TCACTGCAGACCCAGGGACCACCGAGGACTCTG	33	422		12.7		-	500bp upstream of G2 TSS	specific alleles	specific allele sequence	Pathogenic	4bp deletion causes premature stop codon	p=0.034		Diffuse panbronchiolitis (DPB)	Diffuse panbronchiolitis (DPB) is a rare complex genetic disease affecting East Asians and is strongly associated with the class I human leukocyte antigens (HLA)-B54 in Japanese and HLA-A11 in Koreans	https://link.springer.com/article/10.1007/s00439-010-0906-4	2011		
MUC22	G4 or MUC22 (GENSCAN predicted gene near MUC21 gene)	(long?) Low spanning reads, sufficient overlapping reads	Yes	55	363	25.14	-	731268	731268		chr6:31025948-31030023 (among other overlapping VNTRs)	TCTGAGACCACCACAGCCTCCACCACAGGC	30	4076	4652.5	135.9	124	Coding	Exon 2 in genome browser (Exon 3 in the paper)	Deletion	Major length variation	Pathogenic	Deletion is protective, shorter allele with 1890bp deletion is negatively associated with disease	p=0.012		Diffuse panbronchiolitis (DPB)	Exon 3 in hg19, Exon 2 in hg38	Hijikata et al 2010	2010	http://genome.ucsc.edu/cgi-bin/hgc?hgsid=1542948047_8KBQAiPB5fyyKuLlKNMzhVOJ01n4&db=hg38&c=chr6&l=31010473&r=31035402&o=31025947&t=31030023&g=simpleRepeat&i=trf	On genome browser: Match Percentage: 74%
CNBP		No VNTR id, unknown spanning reads, sufficient overlapping reads	No - 3500bp away from target region	53	1230	17.71	-	-	583186		chr3:129172568-129172736 (among other VNTRs)	CAGACAGG	8	126	4552.5	15.8	 9 - >1375 or 75bp to >11,000bp in figure 1 of  https://www.annualreviews.org/doi/pdf/10.1146/annurev.neuro.29.051605.113014	-	Intron 1	Repeat expansion	Major length variation	Pathogenic	large expansion is pathogenic			Myotonic dystrophy type 2 (DM2		2 papers: https://journals.lww.com/co-neurology/Fulltext/2007/10000/Myotonic_dystrophies___how_many_are_there_.11.aspx  and  https://www.annualreviews.org/doi/pdf/10.1146/annurev.neuro.29.051605.113014	2022	http://genome.ucsc.edu/cgi-bin/hgTracks?db=hg38&lastVirtModeType=default&lastVirtModeExtraState=&virtModeType=default&virtMode=0&nonVirtPosition=&position=chr3%3A129172568%2D129172736&hgsid=1500553803_8JWkW8KUJfazaU1vqbQO6RmdzOqe	
PRNP		High GC	Yes	67	66	0.57	493003 (different boundaries)	-	493003	(different boundaries)	chr20:4699397-4699493	CCTCATGGTGGTGGCTGGGGGCAG	24	110	4648.5	4.6		Coding	Exon	Repeat expansion	Minor length variation	Pathogenic	<= 4 is normal >=5 is pathogenic			Creutzfeldt-Jakob disease		https://gnomad.broadinstitute.org/short-tandem-repeat/PRNP?dataset=gnomad_r3	2000		
DRD4		High GC	Yes	81	511	0	-	122595	122595		chr11:639988-640180	CGCCCCCCGCGCCCGGCCTCCCCCAGGACCCCTGCGGCCCCGACTGTG	48	192	-	4	2-11	Coding	Exon 3	Repeat expansion	Minor length variation	Pathogenic	7 allele is pathogenic			ADHD, OCD		VNTR in exon3 of DRD4 has association with ADHD, Association of DRD4 VNTR with OCD, https://www.ncbi.nlm.nih.gov/pmc/articles/PMC8009383/	2009		
ABCA7		High GC	Yes	71	0	0	-	385941	385941		chr19:1049433-1050044	CCCCGTGAGCCCCCCCACCACTCCCT	26	611	-	24	12-427 (see papers row 17)	-	Intron 18	Repeat expansion	Major length variation	Pathogenic	>200 RC is pathogenic (see papers row 17)			Alzheimers		An intronic VNTR affects splicing of ABCA7 and increases risk of Alzheimer’s disease	2018		
C9orf72 		High GC	Yes	70	0	0.71	886134	-	886134		chr9:27573484-27573555	(GGGGCC in literature) (GCCCCGCCCCG in TRF DB)	6 (paper), 11 (DB)	71	3006	6	<23 is normal, pathogenic RC can be up to 700-1600	-	Intron	Repeat expansion	Major length variation	Pathogenic	700-1600 RC is pathogenic			ALS/frontotemporal dementia (FTD), others	Note that the pattern length is 11, repeated 6 times in DB, but they present the same loci	Renton et al. 2011; DeJesus-Hernandez et al. 2011	2011		
MUC1		High GC	Yes	77	0	0	-	45940	45940		chr1:155190864-155192118	CTGGGGGGGCGGTGGAGCCCGGGGCCGGCCTGGTGTCCGGGGCCGAGGTGACACCGTGGG	60	1254	-	21	20-120	Coding	Exon	Specific alleles	specific allele sequence	Pathogenic	Motif pattern variable (Frameshift variant)			ADTKD		Kirby et al. 2013	2013		
NACA		High GC	No	64	103487	0.29	-	-	181577		chr12:56717496-56718739	CCTTTTGGGGAGGGAGGAGTTGCAGCTGGGGGTGTGGGGGCCCCTTTGGGGGATGGGGTAGCTGGACCT	69	1235	3074.5	17.9	Deletion of 1-2 motifs	Coding	Exon 3	Deletion	Minor length variation	Pathogenic			19,220	atrial fibrillation		2 links: Lu and Chaisson, https://genome.cshlp.org/content/33/4/511.full also Doruk  https://www.nature.com/articles/s41588-021-00865-4	2021	http://genome.ucsc.edu/cgi-bin/hgTracks?db=hg38&lastVirtModeType=default&lastVirtModeExtraState=&virtModeType=default&virtMode=0&nonVirtPosition=&position=chr12%3A56717496%2D56718739&hgsid=1500553803_8JWkW8KUJfazaU1vqbQO6RmdzOqe	
SLC6A3	(DAT1)	High GC	Yes	64	53	0.43	-	666226	666226		chr5:1393581-1393986	TGGGGGCCCTGCATGCGTCCTGGGGTAGTACACGCTCCTG	40	405	4421	10	3-13	-	3'UTR	Repeat expansion	Minor length variation	Pathogenic	RC=10 is protective	P=0.006	2,060	ADHD(10 repeats), Parkinson's (10 repeats), schizophrenia, bipolar affective disorders		https://pubmed.ncbi.nlm.nih.gov/16309561/, VNTR in promoter of DAT1 and heterozygous carriers (9/9, 9/10, 10/10) , Genotyping of VNTRs in UTR and Intron of DAT1 and association with ADHD, Genetic Polymorphisms in Parkinson's  also https://www.ncbi.nlm.nih.gov/pmc/articles/PMC8502797/	2005		
SLC6A3	(DAT1)	High GC	No	67	19380	0	-	-	666245		chr5:1414387-1414518	AAGGCACTGGGTGGGGGGCCTGGAGGGGCAGGGCGGGG	38	129	-	3.4	3-133	-	Intron 8	Repeat expansion	Major length variation	Pathogenic				ADHD, PK		Lu and Chaisson, bioRxiv, 2022 and https://www.ncbi.nlm.nih.gov/pmc/articles/PMC9909461/ and https://onlinelibrary.wiley.com/doi/10.1002/ajmg.b.32578	2022	http://genome.ucsc.edu/cgi-bin/hgTracks?db=hg38&lastVirtModeType=default&lastVirtModeExtraState=&virtModeType=default&virtMode=0&nonVirtPosition=&position=chr5%3A1414387%2D1414518&hgsid=1500553803_8JWkW8KUJfazaU1vqbQO6RmdzOqe	
SLC6A3	(DAT1)								666244		chr5:1411741–1411922	CACATACCATGCAACATACACACTCAGACA	30	182		6.1	5-10	-	Intron 8		Minor length variation	Non-pathogenic	RC=6 is risk allele	p=0.034		higher inattention scores 		direct: https://link.springer.com/article/10.1007/s00406-014-0486-8 also reviewed on https://www.ncbi.nlm.nih.gov/pmc/articles/PMC9909461/ and https://onlinelibrary.wiley.com/doi/10.1002/ajmg.b.32578			
CEL		High GC	Yes	75	0	1	-	915594	915594		chr9:133071169-133071732	GGCCCCCCCCGTGCCGCCCACGGGTGACTCCGG	33	563	3362	17	3-23 (16 is predominant)	Coding	Exon 11	Specific alleles	specific allele sequence	Pathogenic	Motif pattern variable (Single bp deletion)			Monogenic diabetes and and Hereditary Pancreatitis		http://www.nature.com/ng/journal/v38/n1/full/ng1708.html	2005	https://academic.oup.com/jcem/article/107/4/e1455/6446241	
NOP56	or MIR1292	High GC	Yes	73	0	0	492236 (microRNA locus named MIR1292 in DB)	-	492236	also 492237 with different motifs and boundaries (microRNA locus named MIR1292 in DB)	chr20:2652733-2652775	on paper: GGCCTG - Can only find GGGCCT and GCCTGC on the genome browser	6	42-48	-	7.2	3-14: normal, 650-2500 pathogenic	-	Intron 1	Repeat expansion	Major length variation	Pathogenic	3-14: normal, 650-2500 pathogenic			SCA36, a Type of Spinocerebellar Ataxia Accompanied by Motor Neuron Involvement		Kobayashi et al. 2011, Wang et al. 2022	2022	http://genome.ucsc.edu/cgi-bin/hgTracks?db=hg38&lastVirtModeType=default&lastVirtModeExtraState=&virtModeType=default&virtMode=0&nonVirtPosition=&position=chr20%3A2652632%2D2658393&hgsid=1499079573_XaanARtALlEFFJ3AK9aPZaKK5VFV	
HIC1		High GC	No	63	266564	0	-	-	983814		chr17:2052378-2053079	GCCTGGGCTGGGGCAGGGCTGTGAGACCCTCCCTTACAGAAGCAATGAGGGCTTGAGGAGGGGGTTAGGG	70	700	-	10	1-10	-	Promoter	Repeat expansion	Minor length variation	Pathogenic	>=5 RC is pathogenic	P = 0.012		Metastatic Colorectal Cancer	Multiple VNTRs near the gene HIC1, not sure where the promoter is exactly. VNTR sequence located near the promoter lesion of HIC1 is associated with HIC1 gene expression	Satoshi Okazaki et al. 2017	2017	http://genome.ucsc.edu/cgi-bin/hgTracks?db=hg38&lastVirtModeType=default&lastVirtModeExtraState=&virtModeType=default&virtMode=0&nonVirtPosition=&position=chr17%3A2041113%2D2074882&hgsid=1498984471_EaawG5dBjKb6zDsRJei9XJl80tkj	
INS	or INS-IGF2	High GC	Yes	69	38	0	-	123860 (different boundaries)	123860	(different boundaries)	chr11:2161570-2161976	TGTCCCCAGACCCC	14-15	407	-	30	28-209	-	Promoter	Repeat expansion	Major length variation	Pathogenic	141-209 (class III) is pathogenic			T1D (type 1 diabetes) lower association: polycystic ovary syndrome, T2D, Obesity		Brookes, https://diabetesjournals.org/diabetes/article/49/1/126/10058/Analysis-of-parent-offspring-trios-provides	2000		
VWA1		High GC	No	80	12821	0	-	-	983815		chr1:1435799-1435818	GGCGCGGAGC	10	19	-	2	2-3 (ancestral)	Coding	Exon 1	Repeat expansion	Minor length variation	Pathogenic				motor neuropathy		Pagnamenta et al 2021	2021	http://genome.ucsc.edu/cgi-bin/hgTracks?db=hg38&lastVirtModeType=default&lastVirtModeExtraState=&virtModeType=default&virtMode=0&nonVirtPosition=&position=chr1%3A1434263%2D1445052&hgsid=1499002741_ZgOKLfWad41L4dwX4fqxMvrZbqIN	
CSTB		High GC	Maybe? 125bp away from target region	78	55	0	-	-	527656	(reverse complement motif)	chr21:43776443-43776479	CCCCGCCCCGCG	12	36	-	3	2-3 normal >30-75 pathogenic (see papers row 17)	-	Promoter	Repeat expansion	Major length variation	Pathogenic	>=30 RC is pathogenic			autosomal recessive progressive myoclonus epilepsy (EPM1), Unverricht-Lundborg,  Myoclonic Epilepsy Of Unverricht And Lundborg	Not in the DB. LOC109029533	Lalioti et al. 1997; Virtaneva et al. 1997; Lafreniére et al. 1997	1997		
SLC6A4		High GC	No	67	181395	0	-	-	983816		chr17:30237128-30237450   (among other VNTRs)	ATGCTGGAGGGGTGCAGGGGGGATGCTGGGGGTGCAGGGGGGATGCTGGGGGGTGCAGGGGGG	63	309	-	4.9		-	Promoter		Minor length variation	Pathogenic	short allele is 14, long allele is 16. Longer alleles are also reported			ADHD, OCD, anxiety, SCZ		Lu and Chaisson, bioRxiv, 2022 and https://onlinelibrary.wiley.com/doi/full/10.1002/ajmg.b.30118 and https://onlinelibrary.wiley.com/doi/full/10.1002/ajmg.b.30214	2022	http://genome.ucsc.edu/cgi-bin/hgTracks?db=hg38&lastVirtModeType=default&lastVirtModeExtraState=&virtModeType=default&virtMode=0&nonVirtPosition=&position=chr17%3A30237128%2D30237450&hgsid=1500553803_8JWkW8KUJfazaU1vqbQO6RmdzOqe	
SLC6A4									339765		chr17:30221385-30221590	ACAGCCCACCCGGGTC	16	206		12.4	10-12	-	Intron 3		Minor length variation	Pathogenic	RC=10 (shorter) is associatied with ADHD			ADHD, Alzheimers disease, BPSD	Coordinates in paper might be from hg19	https://onlinelibrary.wiley.com/doi/full/10.1002/ajmg.b.30214 and https://genome.cshlp.org/content/33/4/511.full			
TCHH		High GC	Maybe? 347bp away from target region	68	6	1.57	-	-	983817		chr1:152111363-152112285  (among other VNTRs)  chr1:152111930-152112103 (Mukamel)	CTGCTCGCGCCTCTCCTC	18	920	3955	51.1	5-15 (EUR)	Coding	Exon		Major length variation	Non-pathogenic		p = 1.6 x 10-55		Male pattern baldness score		2 links - Lu and Chaisson, bioRxiv, 2022: https://www.biorxiv.org/content/10.1101/2022.03.17.484784v1.full and Po-ru Loh :  https://www.ncbi.nlm.nih.gov/pmc/articles/PMC8549062/ 	2022	http://genome.ucsc.edu/cgi-bin/hgTracks?db=hg38&lastVirtModeType=default&lastVirtModeExtraState=&virtModeType=default&virtMode=0&nonVirtPosition=&position=chr1%3A152111363%2D152112285&hgsid=1500553803_8JWkW8KUJfazaU1vqbQO6RmdzOqe	
EIF4A3		High GC	Yes	70	83	0	-	358459 (also 358460 with longer motif)	358459	(also 358460 with longer motif)	chr17:80146993-80147139 (among other overlapping VNTRs)	GCCGCTGCCGACCTCGCTGT	20	147	-	7.6	3-16	-	5'UTR	Repeat expansion	Major length variation	Pathogenic	14-16 is pathogenic, 3-12 is normal			Richieri-Costa-Pereira syndrome (RCPS)	Motif matches with the reverse complement of the one in the paper. Two short VNTRs, but it doesn't match with the description in the paper. (18-20bp motif),but we have 13 or 8 length, I don't see any 18-20bp motif in the hg38 repeat track	A Noncoding Expansion in EIF4A3 Causes Richieri-Costa-Pereira Syndrome, a Craniofacial Disorder Associated with Limb Defects	2014		These motifs could be divided in three types: (1) a 20-nt motif, TCGGCAGCGGCACAGCGAGG, termed CACA-20-nt; (2) a 18-nt motif, TCGGCAGCGGCAGCGAGG, termed CA-18-nt; and (3) another 20-nt motif that possessed a G instead of an A, TCGGCAGCGGCGCAGCGAGG, termed CGCA-20-nt. The most prevalent (97%) allelic pattern among controls was characterized by an initial CACA-20-nt repeated between 2 and 9 times, followed by one CA-18-nt, another CACA-20-nt, and one final CA-18-nt (total repeats = 5 to 12)
MAOA		Not targeted - Chr X	No	69	-	0	936688 (or 936687 different motif, but very close)	-	936688		chrX:43655101-43655205	ACCGGCACCGGCACCAGTACCCGCACCAGT	30	105	-	3.5	UVNTR 3-5	-	Promoter		Specific allele sequence	Pathogenic	Combinatino of two VNTRs are effective. There are two separate VNTRs, dvntr and uvntr			bi-polar disorder, impulsivity and antisocial behaviour. Schizophrenia	There are two separate VNTRs, dvntr and uvntr	Association between MAOA expression and repeats	2021	http://genome.ucsc.edu/cgi-bin/hgTracks?db=hg38&lastVirtModeType=default&lastVirtModeExtraState=&virtModeType=default&virtMode=0&nonVirtPosition=&position=chrX%3A43653548%2D43656028&hgsid=1508344309_qabdZVvFU4xYJUpGP9aPzoprYXwC	
MAOA		Not targeted - Chr X	No	72	-	0	-	-	936686	(rotated motif & distance of genomic location start is 28bp)	chrX:43654464-43654572	CCCCGCCCCT	10	109	-	10.9	DVNTR 8-12	-	Promoter		Specific allele sequence	Pathogenic	Combinatino of two VNTRs are effective			bi-polar disorder, impulsivity and antisocial behaviour. Schizophrenia		Association between MAOA expression and repeats	2021	http://genome.ucsc.edu/cgi-bin/hgTracks?db=hg38&lastVirtModeType=default&lastVirtModeExtraState=&virtModeType=default&virtMode=0&nonVirtPosition=&position=chrX%3A43653548%2D43656028&hgsid=1508344309_qabdZVvFU4xYJUpGP9aPzoprYXwC	
MAOA		Not targeted - Chr X							936688		chrX:43655101-43655205	ACCGGCACCGGCACCAGTACCCGCACCAGT	30	105	-	3.5	UVNTR 3-5	-	Promoter		Specific allele sequence	Non-pathogenic	Combinatino of two VNTRs are effective			Nichotine dependence		https://pubmed.ncbi.nlm.nih.gov/32241179/			
MAOA		Not targeted - Chr X							936686	(rotated motif & distance of genomic location start is 28bp)	chrX:43654464-43654572	CCCCGCCCCT	10	109	-	10.9	DVNTR 8-12	-	Promoter		Specific allele sequence	Non-pathogenic	Combinatino of two VNTRs are effective			Nichotine dependence		https://pubmed.ncbi.nlm.nih.gov/32241179/			
TAF1		Not targeted - Chr X	No	55	-	0	-	-	944729		chrX:71453055-71453129	GGGAGA	6	75	-	13		-	Intron 32		Major length variation	Pathogenic	Pathogenic allele is 30-55 (see papers row 17) 			X-linked Dystonia-Parkinsonism (XDP)	SINE-VNTR-Alu (SVA) retrotransposon	Bragg et al. 2017	2017	https://genome.ucsc.edu/cgi-bin/hgTracks?db=hg38&lastVirtModeType=default&lastVirtModeExtraState=&virtModeType=default&virtMode=0&nonVirtPosition=&position=chrX%3A71342556%2D71342619&hgsid=1500796491_3RJK7OAvAnj752Y94UTubGXKsEtm	
FRA16B	RNA922	Modify probes - high distance to probe, moderate GC	No	8	374646	0	-	-	983820		chr16:65321736-65323677 (among other overlapping VNTRs)	TATATAT (match percentage 68%)	7	1942	-	274	7-12	-	Intron	Insertion	Minor length variation	non-pathogenic				Fragile site FRA16B is amplified repeat	on the paper: 33-bp AT-rich motif, in reference genome, it's a 7bp repeat with low match percentage (68%)	Yu et al. 1997	1997	http://genome.ucsc.edu/cgi-bin/hgc?hgsid=1544013221_BCEeAwwzymsJLxL5yELg0i4xEffp&db=hg38&c=chr16&l=65321662&r=65323806&o=65321735&t=65323677&g=simpleRepeat&i=trf	
PCSK6			-				-	-	983821		chr15:101334170-101334495	GACACAGGAAGTTGTTCTCACCGCTGCAGCAGT	33	326	-	9.9	4-11		Intron 13	Repeat expansion	Minor length variation	Non-pathogenic	PCSK6 VNTR Polymorphism Is Associated with Degree of Handedness but Not Direction of Handedness	p<0.0025		Degree of Handedness	VNTR is marked by rs10523972 in the hg19 reference. Lifting the coordinates to hg38	Arning, PLOS ONE, 2013	2013		
TENT5A									746692		chr6:81752006-81752072	CGCCGCCGCCGAAGT	15	67		4.5	2-7	Coding	Exon 2		Minor length variation	Non-pathogenic	Effect range in height is smaller than ACAN (0.09 vs 0.49) see the reference mukamel	p=2.5 x 10−53		Height	Doesn't say which exon on the paper, but there is only one VNTR with this exact motif length.	https://www.ncbi.nlm.nih.gov/pmc/articles/PMC8549062/			
AVPR1A	(this is an STR-like VNTR)	Modify probes - high distance to probe, moderate GC	No	38	552857	0.14	-	-	983808		chr12:63156394-63156429	AGAGAGAAAG	10	36	4552	3.6	306-342bp with short 306-328bp and long 330-342bp	-	promoter (RS3)		Minor length variation	Non-pathogenic		p=0.027		Verbal learning and memory	There are three associated TRs, RS1 and RS3 are the most largely studied. RS1 is an STR and RS3 is a VNTR	https://www.sciencedirect.com/science/article/pii/S1053811920307692 and Lu and Chaisson, bioRxiv, 2022 	2022	http://genome.ucsc.edu/cgi-bin/hgTracks?db=hg38&lastVirtModeType=default&lastVirtModeExtraState=&virtModeType=default&virtMode=0&nonVirtPosition=&position=chr12%3A63156354%2D63156429&hgsid=1500553803_8JWkW8KUJfazaU1vqbQO6RmdzOqe	
DUX4	(D4Z4 repeat)	(long) Low spanning reads, sufficient overlapping reads	Yes	47	267	14.57	-	665101	665101		chr4:190175777-190180283	AGAGTTACATCACCTGGGTGATCAGTGCAGAGATATGTCACAATGCCCCTGTAGGCAGAGCCTAGACA	3.3kb (68 in DB)	4506	4397.5	66	11-100 (normal), 1-10 affected		3'UTR (subtelomeric region)	Large deletion	Major length variation	Pathogenic			Repeat is in d4z4 region in chr4 telomere	Facioscapulohumeral muscular dystrophy (FSHD)		2 papers https://pubmed.ncbi.nlm.nih.gov/2037288/ and https://www.cell.com/trends/molecular-medicine/fulltext/S1471-4914(11)00002-5	1991		
